Source,Target
Bellingen,Central Coast
Bellingen,Byron Bay
Bellingen,Sydney
Bellingen,Port Macquarie
Crafers - Bridgewater,Melbourne
Crafers - Bridgewater,Victor Harbor - Goolwa
Crafers - Bridgewater,Sydney
Crafers - Bridgewater,Adelaide
Geelong,Lorne
Geelong,Point Lonsdale - Queenscliff
Geelong,Melbourne
Geelong,Sydney
Geelong,Torquay - Jan Juc
Geelong,Gold Coast
Geelong,Ocean Grove - Barwon Heads
Geelong,Adelaide
Port Campbell,Melbourne
Port Campbell,Princetown
Port Campbell,Adelaide
Port Campbell,Lorne
Port Campbell,Ballarat
Pokolbin,Brisbane
Pokolbin,Brooklyn
Pokolbin,Sydney
Pokolbin,Newcastle
Salamander Bay - Soldiers Point,Maitland
Salamander Bay - Soldiers Point,Central Coast
Salamander Bay - Soldiers Point,Nelson Bay - Corlette
Salamander Bay - Soldiers Point,Sydney
Salamander Bay - Soldiers Point,Newcastle
Lakes Entrance,Melbourne
Lakes Entrance,Darwin
Lakes Entrance,Sydney
Ballarat,Brisbane
Ballarat,Byron Bay
Ballarat,Melbourne
Ballarat,Torquay - Jan Juc
Ballarat,Ocean Grove - Barwon Heads
Ballarat,Sydney
Ballarat,Adelaide
Blue Mountains National Park,Brisbane
Blue Mountains National Park,Blue Mountains
Blue Mountains National Park,Sydney
Blue Mountains National Park,Port Macquarie
Sydney,Sunshine Coast
Sydney,Port Douglas - Craiglie
Sydney,Darwin
Sydney,Princetown
Sydney,Townsville
Sydney,Tweed Heads
Sydney,Tamworth
Sydney,Airlie Beach - Cannonvale
Sydney,Victoria
Sydney,Brooklyn
Sydney,South Australia
Sydney,Newcastle
Sydney,Gold Coast
Sydney,Blue Mountains
Sydney,Petermann
Sydney,Alice Springs
Sydney,Byron Bay
Sydney,Camden Haven
Sydney,Melbourne Airport
Sydney,Melbourne
Sydney,Maitland
Sydney,Hahndorf
Sydney,Nelson Bay - Corlette
Sydney,Toowoomba
Sydney,Western Australia
Sydney,Lorne
Sydney,Wagga Wagga
Sydney,Brisbane
Sydney,Port Macquarie
Sydney,Apollo Bay
Sydney,Cairns
Sydney,Central Coast
Sydney,Adelaide
Sydney,Lobethal
Sunshine Coast,Wagga Wagga
Sunshine Coast,Brisbane
Sunshine Coast,Byron Bay
Sunshine Coast,Airlie Beach - Cannonvale
Sunshine Coast,Victoria
Sunshine Coast,Melbourne
Sunshine Coast,Cairns
Sunshine Coast,Central Coast
Sunshine Coast,New South Wales
Sunshine Coast,Fraser Island
Sunshine Coast,Gold Coast
Sunshine Coast,Gympie
Sunshine Coast,Hervey Bay
Sunshine Coast,Toowoomba
Sunshine Coast,Adelaide
Port Douglas - Craiglie,Brisbane
Port Douglas - Craiglie,Byron Bay
Port Douglas - Craiglie,Victoria
Port Douglas - Craiglie,Cairns
Port Douglas - Craiglie,Townsville
Darwin,Townsville
Darwin,Brisbane
Darwin,Alice Springs
Darwin,Melbourne
Darwin,New South Wales
Darwin,Rockhampton
Darwin,South Australia
Darwin,Adelaide
Ocean Grove - Barwon Heads,Princetown
Ocean Grove - Barwon Heads,Point Lonsdale - Queenscliff
Ocean Grove - Barwon Heads,Melbourne
Ocean Grove - Barwon Heads,Torquay - Jan Juc
Ocean Grove - Barwon Heads,Gold Coast
Robe,Melbourne
Robe,Willunga
Robe,Adelaide
Robe,Warrnambool
Princetown,Warrnambool
Princetown,Point Lonsdale - Queenscliff
Princetown,Apollo Bay
Princetown,Melbourne
Princetown,Adelaide
Townsville,Brisbane
Townsville,Alice Springs
Townsville,Airlie Beach - Cannonvale
Townsville,Melbourne
Townsville,Cairns
Townsville,Gold Coast
Townsville,Adelaide
Tweed Heads,Western Australia
Tweed Heads,Brisbane
Tweed Heads,Byron Bay
Tweed Heads,Melbourne
Tweed Heads,Gold Coast
Tweed Heads,Toowoomba
Aireys Inlet - Fairhaven,Melbourne
Aireys Inlet - Fairhaven,Mclaren Vale
Aireys Inlet - Fairhaven,Lorne
Aireys Inlet - Fairhaven,Apollo Bay
Tamworth,Brisbane
Tamworth,Melbourne
Tamworth,Central Coast
Tamworth,Newcastle
Tamworth,Nelson Bay - Corlette
Point Lonsdale - Queenscliff,Melbourne
Point Lonsdale - Queenscliff,Arthurs Seat
Bright,Melbourne
Bright,Falls Creek
Airlie Beach - Cannonvale,Melbourne
Airlie Beach - Cannonvale,Cairns
Airlie Beach - Cannonvale,Gladstone
Airlie Beach - Cannonvale,Gold Coast
Airlie Beach - Cannonvale,Rockhampton
Airlie Beach - Cannonvale,Hervey Bay
Airlie Beach - Cannonvale,New South Wales
Victoria,Blue Mountains
Victoria,Wagga Wagga
Victoria,Brisbane
Victoria,Melbourne Airport
Victoria,Mount Gambier
Victoria,Cairns
Victoria,New South Wales
Victoria,Newcastle
Victoria,Gladstone
Victoria,Gold Coast
Victoria,South Australia
Victoria,Adelaide
Hervey Bay,Brisbane
Hervey Bay,Byron Bay
Hervey Bay,Cairns
Hervey Bay,Gold Coast
Hervey Bay,New South Wales
Brooklyn,Central Coast
Brooklyn,Newcastle
Bundaberg,Brisbane
Bundaberg,Cairns
Bundaberg,Mackay
Bundaberg,Gold Coast
Newcastle,Port Macquarie
Newcastle,Brisbane
Newcastle,Byron Bay
Newcastle,Maitland
Newcastle,Melbourne
Newcastle,Central Coast
Newcastle,Gold Coast
Newcastle,Nelson Bay - Corlette
Newcastle,Adelaide
Fraser Island,Brisbane
Fraser Island,Gold Coast
Fraser Island,Gympie
Gold Coast,Toowoomba
Gold Coast,Byron Bay
Gold Coast,Melbourne
Gold Coast,Gladstone
Gold Coast,Rockhampton
Gold Coast,South Australia
Gold Coast,Port Macquarie
Gold Coast,Brisbane
Gold Coast,Cairns
Gold Coast,Central Coast
Gold Coast,Yeppoon
Gold Coast,New South Wales
Gold Coast,Adelaide
Gympie,Melbourne
Gympie,Brisbane
Willunga,Adelaide
Willunga,Mclaren Vale
Willunga,Willunga Hill
Blue Mountains,Melbourne
Petermann,Melbourne
Petermann,Alice Springs
Petermann,Mount Gambier
Mclaren Vale,Melbourne
Mclaren Vale,Adelaide
Alice Springs,Rockhampton
Alice Springs,Mackay
Alice Springs,Melbourne
Alice Springs,Cairns
Alice Springs,South Australia
Alice Springs,Adelaide
South Australia,Western Australia
South Australia,Melbourne
Falls Creek,Adelaide
Camden Haven,Maitland
Camden Haven,Port Macquarie
Byron Bay,Port Macquarie
Byron Bay,Brisbane
Byron Bay,Melbourne
Byron Bay,Cairns
Byron Bay,Central Coast
Melbourne,Maitland
Melbourne,Torquay - Jan Juc
Melbourne,Gladstone
Melbourne,Toowoomba
Melbourne,Western Australia
Melbourne,Mackay
Melbourne,Lorne
Melbourne,Arthurs Seat
Melbourne,Wagga Wagga
Melbourne,Brisbane
Melbourne,Port Macquarie
Melbourne,Apollo Bay
Melbourne,Cairns
Melbourne,Central Coast
Melbourne,Warrnambool
Melbourne,Yeppoon
Melbourne,Adelaide
Melbourne,Mount Gambier
Melbourne,New South Wales
Melbourne,Lobethal
Maitland,Hahndorf
Torquay - Jan Juc,Lorne
Torquay - Jan Juc,Brisbane
Gladstone,Brisbane
Gladstone,Rockhampton
Rockhampton,Brisbane
Rockhampton,Yeppoon
Hahndorf,Victor Harbor - Goolwa
Hahndorf,Adelaide
Hahndorf,Lobethal
Nelson Bay - Corlette,Brisbane
Toowoomba,Mackay
Toowoomba,Brisbane
Willunga Hill,Adelaide
Mackay,Brisbane
Lorne,Apollo Bay
Wagga Wagga,Brisbane
Brisbane,Melbourne Airport
Brisbane,Port Macquarie
Brisbane,Cairns
Brisbane,Central Coast
Brisbane,Yeppoon
Brisbane,New South Wales
Brisbane,Adelaide
Victor Harbor - Goolwa,Adelaide
Melbourne Airport,Apollo Bay
Melbourne Airport,New South Wales
Port Macquarie,Central Coast
Cairns,New South Wales
Cairns,Adelaide
Warrnambool,Adelaide
Western Australia,New South Wales
Adelaide,Mount Gambier
Adelaide,New South Wales
Adelaide,Lobethal
